0,"Fred Dunst does however do a pretty fair imitation of Billy Bob Thornton 's character from `` A Simple Plan '' , while Jake Busey does a pretty fair imitation of ,"
1,"Meanwhile Gene Kelly falls for lovely damsel , Leslie Caron . His main dancing partner , and I must say they are fantastic together on the floor and otherwise . Famous French"
0,"After watching this movie I was honestly disappointed - not because of the actors , story or directing - I was disappointed by this film advertisements. < br / > < br"
1,This movie was nominated for best picture but lost out to Casablanca but Paul Lukas beat out Humphrey Bogart for best actor . I do n't see why Lucile Watson was nominated
1,`` Planet earth '' is also a wake-up call that the global warming of our planet has disastrous consequences for all living creatures around the world . Al Gore showed us the
0,"The original Out of Towners was manic and very funny , of course they used the script written by Neil Simon . For some reason Neil Simons script is not used in"
0,"For a start the character 's are dumb , annoying & clichéd . Then there 's the unoriginal plot with the mad scientist , the monster he has created , the isolated"
1,"The chemistry between Watson and Turturro on screen is obvious from the moment their characters meet in the story . All in all , this movie is one of the best in-depth"
0,"However , the resulting movie is absolutely dire ! Admittedly , this is not the worst film ever made , or the worst film this year , but it came damn close"
0,Whoever edited the original running time of 233 minutes down to the 68 minuted version available on DVD has done a hell of a good job . The shortened version plays just
1,"I have to say that Higher Learning is one of the top 3 movies I have ever watched . It has a brilliant cast , and an equally brilliant director . Singleton"
0,< br / > < br / > Unfortunately I think Ritchie seems to have fallen into his wife 's trap of taking himself far too seriously.It seems it was n't good
0,"Not one of Keaton 's best efforts , this was perhaps a veiled attempt to revenge himself on the family he married into - the Talmadges . A Polish/English language barrier and"
1,"When his quick temper leaves a murder suspect dead , Dixon finds himself becoming the very father whom he despised , a cheap criminal who 'll cheat and lie to cover up"
0,Specially the mother she 's a nice actress and the kid also proves to be a nice one specially on the scenes where he is supposed to be scary . But does
1,I know I know it was a good ending but sincerely it was awesome . I love when a movie ends on a terrific dark nature but this time I was impressed
1,"This proves very good writing and acting. < br / > < br / > The whole movie is filled with bizarre , sensational scenes that made me hold my breath not"
1,"This movie is outrageous , funny , ribald , sophisticated & hits the bullseye where 99 % of Hollywood movies do n't even make the target . Paul Bartel should be recognized"
0,"The web site had many tales of `` actual '' stigmata throughout history . However , scene by scene , the movie is so obsessed by its quest for `` genuineness ''"
0,But with the latter movie it somehow worked a lot better . The plot has been worked out in the worst possible way . Just a few of the awful moments in
0,The funny sound that you may hear when you eyeball this execrable version of Jules Verne 's classic `` Journey to the Center of the Earth '' is Verne spinning in his
0,"With no real stand out roles : Jane Longendecker , Bruce Weitz and Charles Napier . Most pathetic is Matt Borlenghi and an obnoxious professional croc hunter Costas Mandylor . I was"
0,This sci-fi adventure is not the best and by no means the worst . I agree with the statement that bad sci-fi is comical . Bizarre pink tinting and unusual special effects
0,"It was n't a tragic accident , it was him basically being an idiot . Not to mention throughout the movie I was distracted by his hideous beard. < br / >"
0,"If you want to see a fabulous film that takes place in one small setting , watch Hitchcock 's Lifeboat . Maybe Spacey should have watched it before filming this ."
1,"He was great. < br / > < br / > But seriously , it was an amazing show . You never knew who would be going when . And it was"
0,"If the ranking had a zero , this movie would get it . The dinosaurs were awful . The storyline was ridiculous . The acting really does n't qualify to be called"
0,This movie was bad from the start . The only purpose of the movie was that Angela wanted to get a high body count . The acting was horrible . The killings
1,"He was right ! Critics loved the film not realizing that Verhoeven was playing a big joke on them . Still , it 's a great film . < br / >"
0,"Another good selection would be Caddyshack , the classic with the late Rodney Dangerfield and Bill Murray before he became annoyingly charming , with great lines like greens keeper Carl Spackler 's"
1,Every one should see this movie because each one of us is broken in some way and it may help us realize 1 ) My life is n't as bad as I
1,She possesses what it takes to keep an audience in captivity . Her voice is as beautiful as ever and will truly impress you . The highlight of the show was her
1,"The three main characters are very well portrayed , especially Anisio by rock musician turned into first time actor Paulo Miklos . He is extremely convincing as the lower class trespasser/invader ."
0,"In summary , this was a horrible attempt at an 'Ocean 's 11 ' style hide-the-plot-so-person-has-to- think movie because not only do you not know what 's going on , nobody who"
0,"Wow , here it finally is ; the action `` movie '' without action . In a real low-budget setting ( do n't miss the hilarious flying saucers flying by a few"
1,"Whether it 's a good movie or not , films of this kind has to be made , i think . It remembers me of `` I love Huckabees '' , a"
0,"They played this on the July 4th Twilight Zone marathon and this is , hands down , the worst Twilight Zone episode I 've ever seen . It 's completely out of"
0,I like a lot of the actors/actresses involved in this project so being insulted by the movie felt even worse than if they used a unknowns .The main problem was this movie
1,"This is a movie about Joseph Smith and a great one at that . Some of the most obvious differences between Jeffs and Joseph is portrayed in Joseph 's humanity , acceptance"
1,"The cinematic quality ? Top-notch . It 's well-done , through and through , excellent production values , a solid arc to the well-told plot , what characterization does occur is strong"
0,"To make matters worse , half of the film consists of flashbacks to the first Ethel movie , Criminally Insane , which is little better . A VERY poor effort ."
0,No wait . Soap operas at least LOOK professional ... sorta . This ? This looks like it was shot with someone 's camcorder . It 's horrid ! Wretched ! It
1,"Burns plays his over the top publicist and Allen is Burns ' secretary . She 's hilarious . The problem , as others have pointed out , is Fontaine , who has"
1,"Myrna Loy , was a delightful actress who was always effective playing opposite Mr. Grant . The third character , Bill Cole , an old boyfriend of Myrna , turned lawyer for"
0,"Intermittent spates of ham-fisted over-direction are similarly distracting. < br / > < br / > Charles Dance , doing an 'inbred backwoods hardass ' schtick , does his best to save"
0,... And I never thought a movie deserved to be awarded a 1 ! But this one is honestly the worst movie I 've ever watched . My wife picked it up
1,"I 'm looking forward to it coming out on video so I can buy it - it 's very , very good . Very powerful and intense ... the end shooting sequence"
1,I do n't always care the people he plays but he 's an excellent actor . Keifer Sutherland ( `` David Breckinridge '' ) is equally as good ( at least in
0,"However on this occasion I fell asleep because the film was rubbish . The plot development was constant . Constantly slow and boring . Things seemed to happen , but with no"
1,"However , the thing I did n't love was some of the writing . While the basic idea was great , the ending was just too easy to foresee . I really"
0,the only entertainment this dvd can offer is if you were to stick it in the microwave and watch the flashing lights ! UTTER UTTER UTTER UTTTER unbelievable GARBAGE ! 0/10 if
1,It 's violent and gory with a sick & twisted sense of humor and loads of sleaze sequences . The euthanasia theme and the whole obligatory media circus that surrounds it is
0,"I did enjoy , however , the sound and the melody of the rapid-fire ( and supposedly very witty ) remarks . I was very impressed by the cast 's strong acting"
0,< br / > < br / > I watched this movie just a little while ago and I found that this movie was terrible ! It moved very slowly and was
1,They work together very well . The real match up is Paul Rudd and Lake Bell . He 's as funny as he was on Friends and she was funny and good
0,"This is not as funny and gory as the DVD box claims . I really love twisted and wierd movies , but this one is really just dull ! It 's one"
1,"These men made this movie for themselves , which is one of the best reasons to create something . The scene where Tom sings `` You are My Sunshine '' to Mark"
1,I think the entire cast is excellent . It 's one of my favorite show ever . I just checked the ABC program lineup for this Fall and did not see it
1,`` Over the Edge '' might be one of the greatest Batman episodes ever so make sure you check that out. < br / > < br / > Overall 8-9/10
1,"It is an amazing story , with amazing actors and creators . Definitely another great movie with Denzel Washington . ( should n't surprise anyone ) Derek Luke did a wonderful job"
1,"I 've seen this film criticized with the statement , `` If you can get past the moralizing ... '' That misses the point . Moralizing is in the conscience of the"
1,"Michael Is King . This film contains some of the best stuff Mike has ever done . Smooth Criminal is pure genius . The cameos are wonderful , but as always ,"
1,The script is an invitation to a complex game where the participants are on a simple mission. < br / > < br / > Paxton is at his best in this
1,"`` Ardh Satya '' is one of the finest film ever made in Indian Cinema . Directed by the great director Govind Nihalani , this one is the most successful Hard Hitting"
1,"As someone else has already said here , every scene in this film is gem . Most films are lucky to have one scene that is perfect , but director Jewison hit"
1,"Washington and Fanning have a great chemistry between them and after a troublesome beginning , the bodyguard and his charge become the best of friends . Christopher Walken , Rachel Ticotin ,"
0,How about the ( still good ) `` The West Wing '' ? Or the brilliantly acted ( if erratically written ) `` Boston Legal '' ? What about possibly the best
1,Dickinson 's character Kate is very well developed and her performance is felt throughout the entire film . The best work Angie Dickinson did since Point Blank !
1,Excellent film all in all and a fantastic ending to an amazing trilogy. < br / > < br / > P.S . The shaky cam did not hurt any of the
0,"I figured the whole joke of the movie would be to see some rich white guy acting like Chris Rock , and then see Chris Rock react to people 's reactions ."
0,"Eminently forgetable except for the bad , bad performances ."
1,"Inbetween are the houses of the people where they indulge into what they reckon is pleasure-giving activities , trying to stay in touch with their human selves , yet in vain ."
0,"Worst , the direction of the movie is atrocious , focus more on odd camera angles that fail to convey anything beyond `` Is n't this an odd way to hold the"
0,"I went to see this film based on the review by Siskel and Ebert ; not only did I get duped , but I took some friends along , and had to"
1,"The focus this time is on Henry 's ex wife ( played to perfection by the always welcome Parker Posey ) , who is being pestered by CIA goons about Henry 's"
0,"It was lowdown slapstick , but it did have brains . It had a very smart script with definable characters and a fun wrap-up . People came out of the theater smiling"
1,I always seem to plonk it into the vcr at those odd hours of the early morning when I ca n't sleep and really ca n't find the energy to watch anything
0,"And for an alleged comedy , the movie has nearly no funny scenes . The comedy , I assume , is supposed to be in the absurdity of the situations , but"
1,Allison Dean 's performance is what stands out in my mind watching this film . She balances out the melancholy tone of the film with an iridescent energy . I would like
0,Porn movies have better scenarios and effects ... I wish I had those 2 hours back ... < br / > < br / > The only good thing about this movie
0,The movie 's actors were just bad . The best actor in there was the old man and that 's not saying much . It 's has horrible plot with awful characters
1,"A very good start . I was a bit surprised to find the machinery not quite so advanced : It should have been cruder , to match we saw in the original"
1,"At least something good came out of Damon Runyon 's misguided attempt to sentimentalize the Mafia . `` Guys and Dolls , '' the seemingly indestructible stage musical , was captured on"
1,I find this an important point as it goes against the portray-white-on-black-violence-and-win-an-Oscar trend. < br / > < br / > Also the acting performances are superb - especially Oprah who I
1,"This is a film I saw when it first came out , and which I have seen a few more times over the years . It 's always enjoyable. < br /"
0,"I do n't know much about film-making , but good movies have to tell some sort of a story ... your characters have to start and complete their journey . In Last"
0,"Plummer 's Tolstoy is vague , at once confused and resolute , apprehensive and full of joy and certainty . Mirren 's Sophia is in full panic , in a righteous lather"
1,"This vehicle is plot and character driven and is a beautiful rendition of the AQ/KSM saga . Filmed on location in South Africa , the audience is granted beautiful ( if desolate"
1,"Sasha becomes an outlaw . While on the run , he meets a beautiful girl and falls in love so things get even more complicated for him. < br / > <"
1,"It is a historical account , heroic story , and insight into the cultural background of a major event in history . Not only does Denzel Washington do a terrific job of"
1,"Glenn Close , as the tormented spinster Ferula , is outstanding . Jeremy Irons , as the brutal self-made rich man , is also excellent . Meryl Streep , as the main"
0,It is a shame to spend millions of dollars in such a bad scenario . By the way perfect storm was a bad and stupid blockbuster ( computers graphics did the whole
1,Priyanshu Chatterjee has given an impressive performance . Manoj Bajpai has acted his heart out showing the plight of a guilt-ridden man . The rest of the cast has done a good
0,What a fantastic premise : A movie about the Berlin Airlift . It should have it all . Tragedy . Suspense . Comradeship . Rivals . Berliner Frauleins and tough US pilots
1,Kurt Russell is a futuristic super soldier raised since birth to kill but then made obsolete after being bettered by a bunch of really super soldiers at a dangly hoop ruck that
1,"Both were awesome buddies , and stick closer than that , but with a slightest of misunderstanding in which most of us would all respond to in the same way , parted"
0,"Still , it does have a few nice moments and personal touches , but in the end , it 's instantly forgettable and the kind of movie that would play best on"
0,"I 've seen bad movies before and this one has always stuck out in my mind as the worst . This was from what I can recall , one of the most"
1,My siblings and I stumbled upon The Champions when our local station aired re-runs of it one summer in the 1970 's . We absolutely adored it . There was something so
1,Good western filmed in the rocky Arizona wilds . Lots of tough guys throughout ; Cobern 's character seemed to rock back and forth between a raging psycho and a laid back
0,"Paramount budgeted handsomely for this effort , employing some of its top specialists , but direction by the usually reliable David Butler was flaccid , and this must be attributed to a"
1,"Okay , I know this does'nt project India in a good light . But the overall theme of the movie is not India , it 's Shakti . The power of a"
1,"They also had a huge pine tree whose bottom branches were high enough to create a sort of cave underneath it , and this made a great spot to pretend we were"
0,This movie is mostly chase scenes and special effects . It is very weak on plot . Most of the computer talk was just mumbo-jumbo . I watched this because I was
1,Very nice action with an interwoven story which actually does n't suck . Interesting enough to merit watching instead of skipping past to get to the good parts . Having Jenna Jameson
0,"The only good thing about this movie , is the soundtrack.Some good songs , and that is why I give 2 out of 10 . If it was n't for the music"
0,What a disappointment ! I hated the mummy but this one was even worse ! It was very tiring and unbelievable and at a certain point I found myself sighing and yawning
0,"I can only just look at the spiral of the `` Horror Movie '' industry and giggle . What a travesty to all filmaking , this is true of all the new"
1,"The characters were like-able , and there were plenty of hilarious scenes in it . The idea over-all is that the story is very well tied together , even if certain aspects"
1,The story is so cool and ca n't wait to read the book ! Bravo for the super station !
0,I am surprised that everyone ( even the critics ) seems to think this was a good movie . It was the most clichéd thriller ever made that I have seen .
0,"To be quite honest , Wes Craven is n't that good of a horror director . He 's only made a few good horror movies ( Nightmare on Elm St. , New"
0,"Oh my ... bad clothing , worse synth music and the worst : David Hasselhoff . The 80 's are back with vengeance in Witchery , an American-Italian co-production , helmed by"
0,"This truly is so bad it 's good . This is another K.Gordon Murray production ( read : buys a really cheap/bad Mexican movie , spends zero money getting it dubbed into"
0,"So far so good but after introducing these characters and story lines addressing life , death , grief and love in the first half , the film simply loses direction . <"
0,"I have to agree with most of the other negative comments already made . Several times I felt like turning it off , and finally I did , halfway through , something"
0,how can a director that makes such great films as poltergeist and the texas chainsaw massacre make such rubbish as this ? i got this film off a friend and he didnt
1,"Playing the spoiled , lovable drunk offspring of the obscenely rich who puts up a front of great bravado but is secretly scared stiff of never amounting to anything probably does n't"
1,"If you really want to enjoy this movie to the fullest , I suggest you discard your critical-mindedness and your longing for a good plot because you wo n't find any in"
0,"I sincerely hope I 'm proved wrong. < br / > < br / > I want to leave on a positive note and mention that the creature effects are awesome ,"
0,So the fact that I 'm actually taking the time to write something should speak volumes of how bad this movie is and that you should not waste your time or money
0,"The humor in this movie was not funny at all , there were a few one liners in this movie that were OK but nothing worth saying to your friends that they"
0,I 've seen a lot of movies and rarely would I ever rate a movie `` 1 '' but this movie was beyond terrible. < br / > < br / >
1,"< br / > < br / > Artisticly shot , actors portray exactly their role . You get a real feeling watching Lucienne ascend from poverty to the most beautiful girl"
1,"Simply the timing and delivery of so many of the lines is great , and the situations the Muppets find themselves in are hilarious . The original songs are also good here"
0,"As a big fan of gorilla movies in general , I anticipated that this one would be great - and as for the gorilla effects , They were quite good , however"
1,Fairly good romantic comedy in which I do n't think I 've ever seen Meg looking any cuter . All the players did a good job at keeping this a lively romp
1,"This show is so full of action , and everything needed to make an awsome show .. but best of all ... it actually has a plot ( unlike some of those"
1,"The bad acting , bad script , bad scenery , bad costumes , bad camera work and bad special effects are so stupid that you find yourself reeling with laughter. < br"
0,I looked this movie up on IMDb and saw that it was the worst rated movie so I guess I came into it critical of every mistake . But it did n't
0,"So The House on Carroll Street was not entirely a waste of time , although the story is contrived and the screenplay uninspired and somewhat irritating. < br / > < br"
1,However I did not really understand the relationship between Spike and Heaton and to be honest it made me spend most of the film trying to work it out . And also
0,"I was quite pleased to find this movie in the local video library - Cary Grant in a comedy set in the services , director Stanley Donen , so far what 's"
1,"She is visually stunning . That aside , it takes more than a beautiful woman to make a good film . This is a great film . It not only has the"
0,"Will she end up like Erroll if she does stay ? This is n't a horrible film as it does touch on some uncomfortable moral ground , but the story as a"
0,"This movie probably is n't worse than `` Mitchell , '' but Baker 's reputation definitely precedes him here : when his title comes up at the beginning of the film ,"
1,This movie is a good one . I remember seeing it as a small kid and thinking it was the greatest movie ever . It has all the heroistic characters that a
1,"I 'm surprised that no one yet has mentioned that there are two versions of this same film . The lion 's share of the footage in both is identical , but"
0,I had just watched one episode of this program and I could n't even get to the end of the program . Every minute I had watched this program my I.Q must
0,If the writer/director is reading this ( and I imagine you are since you should now be out of work ) then I must tell you - I have seen some bad
0,"< br / > < br / > None of the characters are likable , the story seems aimless , Karen Black is simply not a very good actress . Donald Sutherland"
0,"Yvonne De Carlo , a wonderful comedienne and essential to the series , is completely wasted - she has less time here in this 90 minute movie than she did in any"
0,"Well , the electronic industry has so much more to work with these days . Makes sense . So the movie dazzles us with fantastic CGI on computer screens , and once"
0,This film was so poorly done and executed that even by independent and low budget standards it 's just plain terrible . Awful movie ... do n't waste any time on it
0,What ever happened to the great Barry Levinson ? He directed two of my all-time favorites in `` Avalon '' and `` Diner '' . He had some fine movies as well
1,"There is of course technical quality in this film and I think the actors did their best with what they had in their hands , but something is missing . And this"
1,"The best part if this movie is the father son relationship which is a tearjerker . the song interludes is just placed at the right time , the scenery is good ,"
0,Just saw this at the Chicago Film Festival - avoid it at all costs unless you have sleep problems . It is a film filled with pretensions - it opens with a
0,"This thing is slow . The actors have ability , they just do n't seem motivated to put forth the effort . The plot is n't that great and is hampered further"
0,"The real let-down for me was n't just the terrible plot , but also the fact that she does n't show up until the last fifteen minutes of the movie ( although"
0,"While I recently gave OPERATION PETTICOAT a positive review , I really did n't like this film even though it had so many similarities . Both were made just a few years"
0,Lake is given a useless role that any mannequin could have filled and Baldwin only seems to know how to look stupid in his equally meager part . And then comes Jennifer
0,"While several of them are indeed wonderful classics , the truth is for every great episode , there were several that were mediocre and at least one that stank . However ,"
0,"The last fight was a bit longer , but by that point i was so bored i did n't even pay attention to it ."
1,"But in the end she is empty-handed , Toni has disappeared with a man , and her supposed mum turns out to be a sick woman . `` Marie is dead ,"
1,"Four teenage girlfriends drive to Fort Laurdale for spring break.Unfortunately they get a flat tire in Medley , Georgia and one of the girls witnesses a brutal murder deep in the woods.The"
1,It was a profound film both entertaining and with a message presented by an all star cast . At the end of the decade Warren Beatty created another kind of epic in
0,"Imagine the worst skits from Saturday Night Live and Mad TV in one 90 minute movie . Now , imagine that all the humor in those bad skits is removed and replaced"
1,Barbra Streisand 's first television special was simply fantastic ! From her skit as a child to her medley of songs in a high-fashion department store -- everything was top-notch ! It
0,"Renner 's character from the beginning has a troubled relationship at home , is reckless and addicted to adrenalin . He 's exactly the same at the end of the movie ."
1,"I say you are all pseudo-sophisticated . Get a grip folks , it 's a parable , a fable for we affluent westerners who are materially rich but whose souls are in"
0,"Could this ever happen in a million years ? It 's simply a fantasy , and a boring one at that . Do they become teenagers again ? Do they reenact their"
1,"But unlike its Hollywood counterpart The Final Countdown , this sees its premise through : thrown back 400 years into the Japanese feudal wars , its peacetime soldiers decide that their best"
0,"I 'm used to the gory , gut wrenching types ... but this particular movie was lame . The acting was horrible ( yet the corny ( no pun intended ) one-liners"
1,"If you get the occasion to watch this brilliant psycho thriller on TV , video or DVD , do n't miss it !"
1,"Set in Jutland - in 'the country ' - it deals with the everlasting issue of lack of love , but in a close and at times brutal way that keeps you"
1,"This is one of my favorite movies of all time . I loved Rain Man with Dustin Hoffman and Tom Cruise . This movie is in some ways similar , but makes"
1,"He does , however , quickly form a useful friendship with Gabby . After he learns that uncle John was responsible for the stage holdup of his business competitor , Celia Wallace"
1,"Clooney 's cameo is funny and very welcome but the leads including Sam Rockwell and Luiz Guzman can easily make it on their own . Likeable and funny , hilariously so towards"
0,"This movie start quite gruesomely with a female being bound and psychologically tortured . There 's male full frontal nudity , dead animal parts , dogs licking nipples , the female loosing"
1,"I thought this film was just about perfect . The descriptions/summaries you 'll read about this movie do n't do it justice . The plot just does not sound very interesting ,"
0,"As it is often the case , the impressive and explosive trailers of Asian films add up to nothing more than lackluster stories . Similar to Unleashed ( which was great ,"
1,< br / > < br / > Fiennes cleverly inserts Zizek into several of the film clips ' backgrounds peppered throughout making for a humorous tone but still lets the ranting
1,"I saw this film on television years ago , but here several years after , I wake up in the morning , and still remember her face. < br / > <"
0,"Seriously . shocked . So shocked that I had to write a commentary on iMDB . This is really really bad . the writing is boring , but the directing and editing"
1,Really nice work .
0,There is a very irritating character who plays a cab driver ( Roscoe Karns ) and the film is just dull .
0,"The only good thing I can say about the movie is , wait , wait , there is nothing good I can say about it . I must have really disliked it"
1,How he handled that situation was excellent . Too often today kids are not willing to compromise . The actors in this movie showed that compromise is an important part of life
1,all i have to say is if you do n't like it then there is something wrong with you . plus Jessica is just all kinds of hot ! ! ! !
1,< br / > < br / > The performances by the actors are pretty good and the soundtrack of the movie is absolutely brilliant . All the main events of the
0,"When she is revived , she remembers everything , and has a nasty bruise on her forearm. < br / > < br / > Shortly thereafter , she nearly gets hit"
0,"Of course the amount of gore in a movie is n't all that counts , right ? You have plot also . Well , the plot was boring and there nothing really"
1,"It seems put on . Sorry but do n't think Toni and Gwenneth did a brilliant job there . I could not warm to any of the characters , but this version"
0,"I should have got some psychedelic mushrooms to go along with it , 'cause this is just bizarre ! Not only is it a musical with annoyingly forgettable tunes , the requisite"
1,This is n't Masterpiece Theater . You should n't go into it expecting that . This is pure girl FUN with the most fantastic cast of female leads . Like someone else
0,"Until I was reminded of the existence of this movie today , I was unsure why I felt that way . Apparently I blocked my memory of this movie yet my negative"
0,"Every shot looks like every other shot - middle distance , one angle , dull , dull , DULL. < br / > < br / > It 's not so bad"
0,"I very much enjoy watching Filipino movies and know some great things can come out of such a little country , so I ca n't believe this had to happen . Claudine"
0,Unlike Doctor Who or James Bond the role belongs exclusively to one actor . And that ` s the problem with this film version you ` ll continually wish you were watching
0,"This movie got extremely silly when things started to happen . I could n't care less about any of the characters ; Susan Walters was so annoying , and the leading actor"
1,But like the best films in the genre the brutality is offset by a good score and attractive photography . The music by Bruno Nicolai is at times reminiscent of Ennio Morricone
1,"First off , if you 're planning on watching this , make sure to watch the UNCUT version ( although it is very interesting to go back and then watch the scenes"
0,It does n't hurt that Alesia has a great body ( I feel the need to stress the obvious with stating that the actress is over 18 and thus convey that i
1,"This `` tragicomedy '' written by famous Serbian theatre/film writer Dusan Kovacevic is probably one of the best movies ever made in the comedy category . And yet , its appearance of"
0,"While I have some difficulty deciding which is the best ( as opposed to my favourite , which I can tell you is George A. Romero 's DAWN OF THE DEAD )"
0,This movie is by far the worst movie ever made . If you have to create a film costarring the guy who plays Lars in heavyweights than do n't make the damn
0,"This vague necrophilia reference is offensive enough ; but in light of the murders committed shortly after this movie was released , it is truly appalling , and therefore entertaining in an"
1,"But he mostly meets distrust and self-destructive defiance . He hires with Zentropa , a dining-and-sleeping-car company ( modeled on Mitropa ) , whose owner is one of the Nazi collaborators the"
0,"No kidding . The actors try but are defeated by the inept , unbelievably terrible script . Direction is staggeringly bad . No wonder Lifetime has such a bad reputation . How"
1,Very good dramatic comedy about a playwright trying to figure out how to keep his head above water after running out of ideas . Ca n't say much about this film without
1,"This is a romantic comedy ... it touched my heart and made me realize that I was lucky enough to find my true love in life , and it has been worth"
0,The only way for a Bigfoot flick to be any good is for it to have a big budget and some actors who did n't come from Frogballs Community Theater .
1,There were n't too many shades of gray with regard to characters or plot . Virtually every character in this film epitomized what is best and worst about our society . The
1,An American in Paris is a wonderful musical about an American painter living in Paris for inspiration . He meets a rich woman who admires his paintings on the street and she
0,makes an excellent and intriguing location for mysterious and occult occurrences . The verdant peaks could easily obscure supernatural forces and those who command them . The photography is nice . Just
1,"Thanks to this fungal film I do NOT want my Maypo , ca n't stomach the thought of Maltex or Wheatena , and even that granola over there does n't look so"
1,"Excellent production values , a literate script and first class performances gives the story exactly the touch of quality it deserves. < br / > < br / > Taking her professional"
0,"On one hand this is an interesting example of a 1960s exploitation film . On the other its utter trash . Either way , it 's not a good movie but is"
1,If Ishq Vishk did n't touch you to telling you how cute they are together this surely will . `` Mujhe Haq hai '' the song and before that is amazing chemistry
1,They end up singing `` Hooray For Hollywood '' . The interesting thing about this wonderful number is that a lyric has been left out on purpose . Throughout the Johnny Mercer
1,"Economical to produce in terms of both budget & schedule and capable of portraying a wide range of material , short subjects were the perfect complement to the Studios ' feature films"
1,It 's this sort of movie that you try and imitate . By attempting to realise something ... then flying through the air almost immediately . I 'd like to do that
0,Dear dear dear dear dear ... me ! I had the strength to see it through ... But why ? ! < br / > < br / > The first two
1,"The plot twists are lovely , if a tad predictable . The climax , of which I will give no detail , is disturbing and quite impressive . Again a better director"
0,"When I heard it was Rosie Perez , I wondered .. could she possibly know what it is really like to be Puerto Rican . As far as I knew .... she"
1,`` Ko to tamo peva '' is one of the best films I ever saw . A tragicomedy with very deep implications on the fate of humankind shown through the eyes of
0,"I mean it had flaws and of course it would be laughable to release this in the theaters but still for a midnight popcorn flick , this movie is not half bad"
0,I simply cant understand why all these relics from the Ceausescu era refuse to let go . One can see clearly how frustrated they were during the commie censorship that forbade them
0,there is some really stupid scenes in this . and they dub over the hits and slaps with stupid fake slapping sound which makes me laugh ! i would not recommend it
1,"The actors acted in a very good manner , so , that , I began to believe that I , myself could live a love-story just like this ."
0,Not an altogether bad start for the program -- but what a slap in the face to real law enforcement . The worst part of the series is that it attempts to
1,"A silly game of chicken between two immature , emotionally damaged , dangerous men. < br / > < br / > Fascinating psychological thriller , telling a story of a horrendous"
1,"This film approaches the psyche in a way never done before . The first 30 minutes builds a interesting love story between Diaz-Cruise-Cruz . The rest of the movie is , well"
0,"And , although a bit slow at times , the first 90 % of the movie is quite good , with more than a few `` old time '' scares that make"
1,"Simon Oakland , Jack Grinnage and Ruth McDevitt give McGavin the kind of solid support that most leading actors can only dream of having . Some excellent guest stars add colour and"
1,"Watching the naive couple swallow life with such meaning and excitement , acting all clichéd and romantic yet managing to have the audience fall for them as well , is what really"
0,"Based on one of the books by Gabriel Marquez and it might be brilliant literature , this cinema-adaption really sucks as it 's more like fighting against sleep rather than enjoying some"
1,"The director/ writer and actors did an amazing job . I think teens should watch this movie and will learn from it . It was great , drama , mystery , and"
1,"Little stories superbly told will get 10-of-10 from me over any movie with violence , foul language , ugliness and `` action '' . I am thinking particularly of `` Crash ''"
0,"The soundtrack is at times beautiful and annoying ... sometimes even maddening . At one time , there is a song being sung by Bjork to go along with the ephemeral rituals"
1,Another good Stooge short ! Christine McIntyre is so lovely and evil and the same time in this one ! She is such a great actress ! The Stooges are very good
0,"This is one of the most atrocious rewrites I 've ever viewed . If they want to make a movie with a lousy story , they should refrain from giving it a"
0,"My god was I wrong . Trust me folks , this movie REALLY IS THAT BAD . It is beyond horrible ; it is beyond pathetic ; it is beyond any type"
0,"It relies mostly on the character 's their stereotypical assessments , rather then the movie actually features some good , original and funny moments. < br / > < br / >"
1,"The Direction is good . Jackie Chan does a good job here with solid camera work , fantastic angles and keeping the film at a fast pace for the most part ."
0,"I saw this movie when i was much younger and i thought it was funny . I saw it again last week , and you can guess the result . Some funny"
0,"Profanity , stupidity , self-indulgence , and bad acting all join forces for a true tour de force in terrible movie-making . Pesci 's attempt to prove My Cousin Vinny was no"
1,"My wife and I have watched this movie twice . Both of us used to be in the Military . Besides being funny as hell , it offers a very realistic view"
0,"Words ca n't describe how utterly stupid this story ( and therefore bad this movie ) is ! Basinger , Del Toro ... what were you thinking ? ? So there 's"
0,"Or maybe 'The Confusing ' since it does n't explain anything at all , not in the narrative nor in the story itself , only some vague idea about evil copies and"
0,"I love Julian Sands and will at least attempt to watch anything he 's in , but this movie nearly did me in . I 'm hard pressed to remember when I"
0,"Luise Rainer received an Oscar for her performance in The Good Earth . Unfortunately , her role required no . She did not say much and looked pale throughout the film ."
0,"This is probably the worst movie I have ever seen , ( yes it 's even worse than Dungeons and Dragons and any film starring Kevin Costner . ) < br /"
0,"One of the few movies I have actually not been able to watch due to lameness. < br / > < br / > The acting is terrible , the camera work"
1,Dumbland is not for all . In fact Dumbland maybe in for nobody except Lynch and that 's what make it funny and a collective cartoon . Violent ? Yes . Profanity
0,"Four porn stars romping through the Irish woods sounds like a film to watch . We have Ginger Lynn Allen , Chasey Lain , Taylor Hayes , and Jenna Jameson all together"
0,`` A death at a college campus appears to be a suicide but is actually a cover for murder . The dead man 's roommate finds himself embroiled in a mystery as
0,"chris kattan will never get a good comedy role after this and `` a night at the roxbury . '' this movie is completely obvious , has no smart humor at all"
1,Unbelievable funny ! < br / > < br / > You 've got to see it ! ! ! < br / > < br / > And if you are
1,And `` Let 's Face the Music and Dance '' is easily one of Irving Berlin 's best songs . So the film is well worth watching for its great moments .
1,"This scene may have been funnier had a similar scene not happened in `` Fantastic Easter Special '' two weeks ago. < br / > < br / > Meanwhile , a"
0,The other cop just about struggles to get his terrible lines out . Now I 'm all for low budget cinema but this film is just terrible . If it was n't
1,"So overall , this move was great . I 'm going to see it a second time now ! So stop bashing it please . Its a really good movie !"
0,"The original said it all and still holds up . Either read the book or do some research about the story , and you 'll realize this remake is ludicrous . Eric"
1,"This spectacular film is one of the most amazing movies I have ever seen . It shows a China I had never seen or imagined , and I believe it shows 1930"
0,it failed to flow with any rhyme or reason . the majority of the lines by the characters were at best pathetic to imbecilic . the script worked hard to make sure
0,The vision that others may have of Puertorricans will be irreversibly distorted by such trash as Maldeamores . A foul word at a given moment in a film may be used to
0,"Excuse the language , but there are n't any decent words to describe it. < br / > < br / > First of all , the actors are not the best"
1,"Bad plot , bad sfx ( 60 million dollar budget ) , but the fighting scenes were excellent ! Jet Li is the greatest martial-arts star alive !"
0,"In other words , the whole thing is really stupid. < br / > < br / > You KNOW it has to be bad when even Mike and the Bots ca"
0,Otherwise to me he is box office poison and Jeroen Krabbé is worse than that . The poor man 's box office poison .... really that is not being fair to the
1,"WWII had freshly ended and the so-called `` Cold War '' was about to begin . This movie could , therefore , be defined as one of the best `` propaganda ''"
1,"I am not a fan of the Jerry Springer show - I feel sorry for the participating people . This film instead is a satire , and it is doing great. <"
1,"And this is a great rock'n'roll movie in itself . No matter how it evolved ( at point being a movie about disco ) , it ended up as one of the"
0,"The movie does have two of the strangest looking cars that I have ever seen , the one in which John Dall goes after Lee J Cobb is particularly strange . The"
0,"Confused ? Me too . `` Welcome to the party , pal . `` < br / > < br / > In the truly superb Hong Kong crime drama , known"
0,"If the dispatcher is reading from a computer printout , it is good enough for an arrest , but it does not necessarily mean the warrant is still in effect . Since"
0,"She 's excellent , as is the entire cast . I 'll charitably assume she took on the `` Taboo '' role strictly for the money , and , realizing what a"
1,This excellent drama had me in suspense the whole time . I could not take my eyes off the screen for one second because every word kept connecting the pieces to this
1,"Instead , Koltai - the brilliant Hungarian cinematographer of `` Mephisto , '' and director of `` Fateless '' - created a subtle ensemble work with a `` Continental feel , ''"
1,"This is a top finnish film this year , although Tango Kabaree comes close.The Director Lampela made couple of years back another nice little film called Rakastin epätoivoista naista ( I was"
1,I found this movie really funny because you have a youthful black comedian ( Chris Rock ) who dies and is sent back to earth in a mid-50 's white mans body
0,"Now our hero must race against time to rid himself of this dreadful affliction before the next full moon , '' according to the DVD sleeve 's synopsis. < br / >"
0,I 'm not much of a fan of the imitations. < br / > < br / > First it was the excellent 'Gremlins'. < br / > < br / >
1,"However , because they so often lack realism they are prevented from being truly great films . A perfect example was the John Garfield film Air Force -- in which a B-17"
1,"But , the clubs , the fans , and the music , made it all worth it ! Just like Strange Fruit ! I 'm too damn old for it now ,"
0,The original was a good movie . I bought it on tape and have watched it several times . And though I know that sequels are not usually as good as the
1,A solid B movie. < br / > < br / > I like Jake Weber . His understated delivery is refreshing in a time of over the top performances . I
1,"The acting was the best , Farrah should have gotten a Oscar for this she was fabulous . James Russo was so good I hated him he was the villain and played"
0,Check out this mutant cat/worm-like creature Munkar has as a pet and which he feeds eyeballs and fingers . And here 's an interesting question : What would you do if a
0,"Its worse than that . The Nostril Picker really takes the biscuit , in fact the whole god-damn cookie jar . Terribly scripted dialogue delivered by brain-dead actors , a ridiculous plot"
1,A young woman ( Jean Simmons ) is convinced by her scheming and dangerous aunt ( Sonia Dresdel ) and uncle ( Barry Jones ) that she 's losing her mind and
0,"I only just finished watching it and I 'm glad I did as the movie finally gets moving and has some continuity toward the end . Again , a good story ,"
1,"She is a very successful , beautiful , and funny woman and as Elvira she 's all that plus morbid and hilariously naive , not to mention she has an amazing pair"
1,"It has no shock value today , just fine acting. < br / > < br / > While the cast is excellent , this is Bette Davis 's first great role"
0,"< br / > < br / > I wanted something simple , no thinking just plain action when I watched this one . It started of good and was quite entertaining"
1,"And they two together meet Kathryn when Kathryn tell James the true man is DR. Goines assistant . So it is clearly Jose also get the true information about the virus ,"
1,"It 's the best action movie I 've seen since Live Free or Die Hard. < br / > < br / > Good ) Damon is solid but not spectacular ,"
0,"Sniper was one of the easiest films to watch without giving full attention to , as it had little twists and a straightforward plot . I was probably guilty of that ,"
1,It moves along at a fair pace although it 's not exactly an action packed film by any means . The climax was good & seemed a fitting way to round things
0,"The trick is to put the copied scenes in the context of their original films . Gandalf can be funny talking Korean , the basilisk looking snake hilarious if you compare it"
0,"There are some good parts through the movie , the first half starts off slow and then in the last half the pace picks up . All up the movie is enjoyable"
1,The series gives balanced coverage to all theatres of operation . No one country is given undue credit for the Allied victory . Laurence Olivier brings great weight and dignity to his
0,This film has a truly dreadful script . We never get a chance to get to know Robert and his actions at the end are just plain pathetic . The acting is
0,"I found this a good movie to pass your time , but not by any chance of any historical value . The portrayal of Cleopatra reminded me a cheap soap opera. <"
1,"< br / > < br / > The film certainly invites comparisons to its 1963 counterpart . The earlier film is also a enjoyable and entertaining movie , but admittedly it"
1,i two came home from school fast as i could to catch HRpuff and stuff on t.v . that was the most fun time in my life is to watch HRpuff and
0,This time they 've ventured slightly further away from the car park the other two movies were filmed in which is a good move as you can no longer hear cars driving
1,"Victoria kept Albert waiting , as the film makes clear , since she wanted to acclimate herself to her duties as the new Sovereign . They spent a good deal of time"
0,offers another and is fired on the spot . 'Do n't you know good writers cost lots of money ! ' the big chief barks . 'That 's why we invented reality
1,"There are still more hilarious one-liners to be delivered in this series , and it brings out the humour in a lesser-known era - in historically accurate and enjoyable episodes . Blackadder"
0,"Coupled with this the costumes are hideous , with too many tights and ludicrous codpieces . The stage fighting looks horrendous , with far too much stretching and running around to be"
1,I loved this excellent movie . Farrah Fawcett played the part phenomenally and with good heart . She plays a woman who is driven to extreme measures to protect herself and her
1,"With a cleaner sound and picture , this could have been a Hollywood hit , I suspect . I found the story very interesting , the characters ( and actors ) better"
0,"That is the only thing that made this movie worth watching. < br / > < br / > The story is both lame and preposterous , the humor is corny ,"
0,"Uma Thurman plays Sissy , a young woman with a gypsy spirit ( and freakishly large thumbs ) who hitchhikes cross-country , eventually finding her true place amongst a group of peyote-enlightened"
0,Hopefully nobody ELSE was n't . My apologies to those involved in the flic as this review is somewhat harsh but i was the dope who read your fake reviews and purchased
0,"Not that every film need always be totally tasteful , but this film does drip gore on occasion. < br / > < br / > Though the film features the magnificent"
1,"The beaten-down city-scene , the near-starving characters ' sparse dialog , their threadbare uniforms , and the minimal action `` says '' it all : the absurdity of an on-going conflict that"
1,"His efforts to ensure Karen remains none the wiser about any potential wrong-doing on his part ironically forces Paul closer and closer to the fun-loving Becky , forcing him to question whether"
1,One of the innovative attachments being the delightful `` out-takes '' added to the end of the film . The DVD has two sets of these out-takes where as I ? m
1,`` GoldenEye '' was revolutionary and is definitely the best FPS game to be based on the 007 franchise . But the series had fallen into a FPS rut . Enter ``
0,"The only thing interesting in this film is the cameo appearances from some great genre directors and King himself . The film has a great premise , but falls apart about 15"
0,"Harvey Keitel 's script must have been easy to write -- just make two out every three words a curse word . Andie McDowell is surprisingly good in a character roll ,"
1,"I enjoyed them alot when they were little kids on Full House . Anyway , the casting was good and the movie was somewhat funny . I kind of got mixed up"
0,"The subject is certainly compelling : a group of people take their love of gaming one step further by creating a fake medieval world full of warriors , kings , princes and"
0,... mainly because Ju-on 2 boasts an outrageous FORTY minutes ' worth of material literally taken straight out of the first Ju-on - and when you consider that the sequel only runs
0,"That 's why scenes play out in no particular sequence and characters appear and then vanish . An impressive supporting cast ( Kathleen Freeman , Jim Backus , John Carradine , Andy"
1,She really ca n't see this dance. < br / > < br / > One of the more irritating aspects of the film is the laziness of the colonials . They
0,"Never . '' The dire script comes from a first-time screenwriter who , thank God , has n't sold anything since this , and it 's all thrown together by famously bad"
1,"It shows you that transvestitism is a feature , rather than the entirety of one 's being . The comedy is not single issue . This man is brilliant . All comics"
0,"This flick reminds me some really bad science-fiction movies from 50 's and 60's.It is not scary or interesting , but it 's dull , cheesy and stupid.Special effects are laughable ,"
0,"I could n't believe this terrible movie was actually made at all . With the worst actors you could find , the worst script written ( Mark Frost & Sollace Mitchell )"
1,Wanting more - better things to happen to us and expecting God to deliver. < br / > < br / > Morgan Freeman made a great God . With a sense
1,"Duchovony is aptly geeky and naive , and Forbes seems emphatically cynical and shut-off , but both actors manage to convincingly portray their characters ' changes as they are equally intrigued ,"
0,"Tim Thomerson is still the best thing about this series , but his wisecracking is toned down in this entry . The performances are all adequate , but this time the script"
0,"Travel and Hitchcock go together like moths and candlelight , setting one up for a perilous journey at best . This is perhaps Hitchcock 's earliest foray into this theme , and"
0,It is by far the number 1 worst movie I have ever seen. < br / > < br / > Not only have I ever been this bored before ( luckily
1,"This movie is really not all that bad . But then again , this movie genre is right down my alley . Sure , the sets are cheap , but they really"
1,"Generally it was a good movie with an ideal ending ; the acting was spectacular and the characters did n't stray from their persons . I especially liked the plot , although"
0,"The movie went no where . I mean they could have made the movie in 15 min short film . Overall , the movie was n't good at all , and I"
1,His line delivery is delicious and he is credible and sympathetic and at the same time duplicitous and rascally . Smith exudes class and taste from every pore and is a good
1,"Iris discovers that Stanley is unable to read , and after he loses his job , she gives him reading lessons at home in her kitchen . Of course , as you"
0,"But OK , there were few funny moments , and Freeman is always nice to see in any movie so , lets leave three stars ."
0,"I mean , I hate to say bad things about an amateur production , but if you make a bad movie and want to comment on it , tone it down a"
1,"The trouble is that IMDb and Maltin can be wrong , and in this case I think they are since a source I trust more says the full running time is 67"
0,"Basic comedy .man 's life is saved by having various animal organs transplanted into him . Unfortunately , he takes on each animal 's characteristics . Former Survivor Colleen looks pretty good"
1,This is the best movie I have ever seen. < br / > < br / > I 've seen the movie on Dutch television sometime in 1988 ( ? ) .
0,So .. what 's left ? < br / > < br / > '' The Ring '' is a trully scary movie ... I wish other movies would stop copying from
0,"Please do not watch this film because ... It 's CRAP ! ! ! < br / > < br / > Summary : Poor acting , bad fights , bad script."
0,Especially Piper Perabo completely fails in convincing one of `` Jersey 's '' fear of singing in front of an audience . The only good ( and quite funny thing ) about
1,"This is not simply a film with a great performance at its center , but also a rare achievement : a fully convincing story of redemption ."
1,"The story shows a love affair between a physically sisabled guy and a healthy woman , which is a very sweet story.Unfortunately , you do n't get to see movies like that"
1,I have the Highest Respects for Will Smith as he is not only a brilliant Actor but one can tell he has a genuine love for people and life which no doubt
1,"His choice of films , the basic 'conceit ' of the production ( which places him in the sets or simulacra of the films he is commenting on ) and his delivery"
1,"I first watched the Walking Tall movies when I was about 8 years old and I thought both Joe Don Baker and Bo Svenson did a great job , they must have"
1,"The film adaptation is the best demonstration of this , but some fans may decide they belong local. < br / > < br / > The equally underrated third series also"
0,"Even when I saw this movie at a teenager , I wondered just how ironic it was that Pia Zadora starred in a movie about an artist who slept her way to"
0,"hyuck hyuck hyuck ) . Bad acting , idiotic , homophobic jokes and judging from the creature effects , it looks like the director 's watched ` The Evil Dead ' way"
0,This film is another example of the curse of east Asian cinema : two or more separate stories rolled into one film . Other reviewers have obviously picked up on it as
0,Assorted band of dumb cardboard cannon fodder villains with dodgy European accents  Check ! German sounding bad guy played by an English actor with a piece of corny dialogue for every
0,"No , what we have here is the worst kind of slasher : An art-house one. < br / > < br / > My Grade : D+"
0,"Be warned : if you pay for it , the only `` victim '' is your dumb ass. < br / > < br / > If you want to be really"
0,I think I should start this in saying that nearly any style of work can be entertaining in parts . The true test is whether it is good from start to finish
0,"If you like bad movies , this is the one to see . It 's incredibly low-budget special effects ( you 'll see what I mean ) and use of non-actors was"
0,"And it contains a stupid subplot about some bimbo singer , which seems to be completely off topic. < br / > < br / > Turiqistan is obviously Iraq , or"
0,"OK , this has got 2 be one of the worst excuses 4 a movie that i have ever had the misfortune of watching . Like all other Olsen twins movies with"
0,"This leaves the script to comment on , which was pretty awful . Pat remarks , idiotic decisions , and reckless stupidity on the part of every character in the movie ."
0,A previous reviewer mentioned not to watch this film whilst being tired . Maybe that was my mistake. < br / > < br / > I tried my best to enjoy
0,"Although , it 's nice to see a pretty blonde girl not being portrayed as a bubble-head for a change . Okay to rent , but I would n't suggest buying it"
1,"Fun and more of it . Family fun . Laughter , frolic , adventure , something for everyone . The special effects are quite good . This is a musical the tunes"
0,I wonder which audience group this movie is basically targeted to. < br / > < br / > Priety ( a pros ) plays a surrogate mom for a happy couple
1,It 's perfect for the handsomely grizzled charisma of Vincent Cassel and features a marvellously contained performance from Emanuelle Devos . Devos is a recurring feature of Audiard in the same way
0,"We are given very little information on his character or who is paying him to kill , indeed the episode is notable for having no dialogue at all . Returning to his"
1,Im not homophobic but i cant help that i do n't find men kissing entertaining ( dont mind women ) . Anyway ... For a fan series this is good stuff .
1,"Writer/director Victor Nunez , who also wrote/directed `` Ulee 's Gold , '' did an amazing job showing a young woman growing into herself -- confronting age-old challenges of good v. evil"
1,There are some faults with the film that keep it from being truly excellent - but it is an original and ambitious film for what it is . My biggest gripe with
1,A beautiful shopgirl in London is swept off her feet by a millionaire tea plantation owner and soon finds herself married and living with him at his villa in British Ceylon .
1,"Of course it finds it , begins to play 'Today could be a great day ' ( Hoy puede ser un gran dia ) by Joan Manuel Serrat and in a few"
1,"Vampires , sexy guys , guns and some blood . Who could ask for more ? Moon Child delivers it all in one nicely packaged flick ! Gackt is the innocent Sho"
0,Zorro would be ashamed ! His only salvation came as the competition was just as bad. < br / > < br / > This film is described as adventure and horror
0,"Suspense is usually put to good use. < br / > < br / > Show Me The Money , on the other hand , is just too slow-paced . When a"
0,"My dream was that one day a screenwriter would come across their child sitting in a large sofa reading A Winkle in Time , and would think , what an amazing movie"
1,"O.P . Heggie was wonderful as the understanding Matthew Cuthbert and Helen Westley was fine as the firm Marilla . Tom Brown was an excellent Gilbert Blythe . Gertrude Messinger , who"
1,"Although Super Mario 64 is n't like the rest of the games in the series , it is still a classic and is every bit as good as the old games ."
1,The story and the characters were some of the best I 've ever seen . the graphics were good for the PS and the cut scenes and voice overs were amazing .
0,"My opinion , by the way , is not just some knee-jerk reaction -- I have seen most of Fellini 's films and have also seen many films by the world 's"
1,"It was not supposed to be a documentary , or a completely factual account of what happened that night . It is the most amazing love story ever attempted . I know"
0,This has got to be the worst horror movie I have ever seen . I remember watching it years ago when it initially came out on video and for some strange reason
1,"Unlike Princess Mononoke and Valley of the Winds , the theme in Laputa is not directly connected to environmentalism . If it has a theme at all it 's anti-warfare . The"
1,Pinjar by Mr dwivedi is an awesome movie . Its definitely the greaest and finest of 2003 . There are very good performances in it . Dwivedi knows what he can extract
1,The score is good ( highlighted by `` Hooray for Hollywood '' ) and director Busby Berkeley shows off his unique visuals in a really fun drive-in musical sequence ( with Edgar
0,"`` Women ? They 're all scrubbers ... ! '' < br / > < br / > No , not a good translation ; not at all ! This lags behind"
0,"The histories of British Asians fitting into their adopted home has had many good runs on the big screen , as well as a number of excellent TV and radio series ("
0,Let me start off by saying that this does n't seem or feel like a movie . It seems like just another TV show about popular girls and boys with no real
0,The storyline was okay . Akshay Kumar was good as always and that was the only good thing about the movie . Kareena Kapoor looked bad . There was so hue and
0,Uma Thurman was great as G-Girl and she had many funny lines . Luke Wilson was a bit pale and not very interesting . I do n't think he makes for an
1,"Fortunately , the story of this book with moving pictures is good . Using Alfred de Musset 's poem and a story by Edgar Allen Poe , it centres on the doppelgänger"
1,"This movie is basically a documentary of the chronologically ordered series of events that took place from April 10 , 2002 through April 14 , 2002 in the Venezuelan Presidential Palace ,"
0,"But half-way through `` Fay Grim '' I reached a deadly realization -- -I did n't know what was going on , and I did n't care . Too bad , because"
0,"You got ta love the cheesy low budget movies . This one comes complete with bad effects , props and bad acting ( really bad ) . Plus , every time I"
0,THE SCREAMING SKULL is the sort of movie that makes Ed Wood look good. < br / > < br / > Very loosely based on the famous Francis Marion Crawford story
1,"While many stand-up comedians mesh together in my brain , Eddie Izzard stands out as one of the best . His style is incredibly refreshing , and it is nice to hear"
0,"You 'd think `` Monster '' would be fun ... but it is n't , really . It does star Tony Eisley and John Carradine , however , and in my book"
0,"This film is terrible . You do n't really need to read this review further . If you are planning on watching it , suffice to say - do n't ( unless"
1,"I saw this kung fu movie when I was a kid , and I thought it was so cool ! Now I am 26 years old , and my friend has it"
1,"The Romance was not overdone , but still very emotional and moving . I laughed hard and long throughout the movie and still I was captivated by the fantastic drama , and"
1,It just so happens to open in New York . Here we have the story of a popular politician named Mayor John Pappas ( Al Pacino ) with enough savvy to run
0,"If you really enjoyed the 2002 Resident Evil movie , then you should just see it instead of waisting 2 hours you 'll never get back . I can not believe that"
0,"First of all , the acting is terrible , and the movie makes absolutely no sense at all . It is not scary in the least bit , it is so stupid"
1,"The rest of the cast does good work too . The woman who plays Feinstone 's wife is really attractive . Also , it was great to see Ken Foree acting again"
0,"Its truly , undeniably awful , with no plot and a reliance on supposed special effects which fall flat , too . Daniels is okay as the earthling but Lloyd is simply"
0,"It seems to combine comedy , drama , and satire , but it sure does n't add up to much . It 's undermined by unimaginably loathsome , one-dimensional characters who you"
0,you could already figure something like that out from the first movie : Agent Smith telling us the first Matrix created did n't work because it was too perfect . Trinity died
0,This is one of the most hilariously bad movies I have ever had the privilege to see. < br / > < br / > I watched this on DVD with a
1,"If you and your family are looking for a great family film , this is your ticket . Everyone gives stellar performances , great acting , great comedy , and great timing"
0,Seeing as EVP is supposedly true it really had an easy passage to be a feared true fact . Not many movies come along that really instill fear into the minds of
1,"I 'm not going to spoil the movie , but the things Helen is capable of are totally over-the-top. < br / > < br / > - As good as Winters"
1,This movie is good for all the same reasons The storyline is good not quite as good as the other one 's but still pretty good it has lots of action in
1,"`` Spin it ! `` < br / > < br / > The 90s opened up with a clever Disney favorite , `` TaleSpin , '' the TV cartoon series that"
0,"If you hate redneck accents , you 'll hate this movie . And to make it worse , you see Patrick Swayze , a has been trying to be a redneck ."
0,Roommates Sugar and Bobby Lee are abducted by menacing dudes while out shopping one day and taken back to a secluded island that the girls reluctantly tell the thugs that they last
1,And the rest of the cast helped flesh out this pathetic band of people making the most of a bad situation and not doing too badly. < br / > < br
0,"Before he could answer , two studio flacks intercepted and lectured me on how the studio `` knew best '' and how `` no one will take such a film seriously ''"
1,Reckon it do n't get more controversial than that !
0,"The camera work , the locations , the costumes , the totally out-of-place dancing , the dialogue all combined to make the worst movie I have ever seen . You wonder if"
1,"There , an evil tyrant ( Joss Ackland , from THE HUNT FOR RED October ) plots to get rid of the two idiot rock-stars once and for all . So he"
1,"By no means is the a great film , BUT for what it is & the cast It is definitely good , < br / > < br / > Ratings *"
0,This thrown together piece of fecal matter adds together so many ludicrous scenarios that in the end it 's a laugh riot of absolute hilarity . Too bad as the premise is
1,"What a great film it is . The notion of nations sending people fighting each other with giant robots is tacky . The ending is not just a fitting one , it"
0,After only 4 or 5 kills by the so-called masked murderer and a confusing tie-in plot about a Murder Club which the dumb lead actress thinks is a real club that she
1,"Fans of male full-frontal nudity , however ... hmm , well ... yes . This is weird wild stuff ."
1,"All an all , Reign Over Me is an enjoyable , sad , yet many times funny film , driven by its amazing leading performances ."
0,"Had the clues been planted more in the movie , one would have said about that it is a masterpiece indeed . But though the movie was so slow in pace ,"
1,This movie to me felt like closure . To see all the people I 'd followed over the past few years together at last was most rewarding . I have heard that
0,The best part was the rape scene between the killer and one of the girls where he decides to rape her in her jail cell and it seems that the girl actually
0,"This was so hideously awful , I could not believe it . How has this got to do with ANYTHING remotely related to Hollywood Entertainment ? ? Nothing ! ! They have"
1,"Nero was presented not so much as evil incarnate , but as a wacky , unfulfilled emperor who would rather have had a circus career . He probably wondered why on earth"
0,"Now , i hired this movie because Brad Dourif was in it . He is an excellent actor , BRILLIANT in everything ... except this movie . And i think that was"
0,"The style of the film is poor to say the least , and the plot is stupid and unbelievably weak . The characters themselves are all over the place , and while"
0,"The plot sucks , and the acting is the worst I 've seen . ( Only Godzilla can compare , which is also the only movie that competes in being the worst"
0,Can you imagine who hard it STINKS ? < br / > < br / > Who is the violent killer in this film and what are his motivations ? ? ?
1,"One day , I was lucky enough to catch an episode while visiting family . It did n't seem too interesting at first , but as I watched more and more ,"
0,As far as the film goes - a joke of a script and even a bigger laugh regarding acting and plot - but who cares at this level . A nice time
1,"Absolutely FANTASTIC ! a wonderful movie , and one of my top three favorite of all time , i recommend it to Everyone ! < br / > < br / >"
1,"The main reason why is because after experiencing this film , you get the feeling that you 've also experienced the counter-cultural idealism of the 60 's , no matter however good"
1,"The background sound of wind and street noises lend an ominous aura and reminds one of a Fellini film , whether or not that was Kelemen 's intention . The filmmakers undoubtedly"
0,"This movie has made me upset ! When I think of Cat in the hat . Im thinking of cat in the hat books . You know , the one from a"
0,"Emily is given a chance at a new life with a good hearted , wealthy man who falls in love with her , but chooses to take the high road and stay"
1,This is absolutely delightful and one of the most charming pictures I saw this year . It is the more amazing since it is an early talkie and puts some great pictures
1,"Personnaly I really loved this movie , and it particularly moved me . The two main actors are giving us such great performances , that at the end , it is really"
0,"If you like them so god damn awful they 're hysterical , watch away . Jigsaw is without a doubt the worst movie i 've seen in my life ( and i"
1,"Personally , I find the movie to be quite a good watch . It outlines the actual situation of triads in Hong Kong and gives the viewer a glimpse of how triads"
0,"Tsai Ming-liang is the king of this subgenre , and Vive L'Amour is his `` masterpiece . '' In fact , this is the crème de la crème of crap-infested garbage under"
0,"However from my American perspective this movie just was n't that good . The protagonist , Marie played by Anastasia Hille was n't a pleasant character and I had a hard time"
1,"I actually found this movie 'interesting ' ; finally one worth my time to watch and rent . It is true ... some scenes were over the top on emotionalism , shouting"
0,Director Herbert Wilcox ( Neagle 's husband ) always thought Anna was the most exciting and talented femme on the screen . He was mistaken . She was improbably popular in Britain
0,"When this movie was released , it spawned one of the all-time great capsule movie reviews : Sphinx Stinks . It does , but in a mesmerizing sort of way . The"
1,"Hunting is more effective as a team enterprise . Men who were not very good at bonding were Darwinianed out , leaving men who have a lot of team spirit . And"
0,"However , this one is the worst of the worst . The screenplay is weak and the acting , especially that of Tracey Pollan is abominable . I 've trudged off to"
1,"I think this movie 's good but the plot is familiar , it 's still good & has a few unintentional laughs !"
0,"One small bit of trivia , there was a real drunk-driving accident during filming that injured F.Murray Abraham , and resulted in the death of the intoxicated young driver that caused the"
0,"Yes , MTV there really is a way to market Daria . What started as a clever teenage angst- '' comment on everything that sucks and make the viewer feel better about"
0,"I was excited to view a Cataluña´s film in the Berlin´s competition . But after the presentation I was total disappointed and furious . Too much blood , too much time ,"
0,"I got so emotional I wanted to scream in anguish , destroy the screen , readily accept the hopeless cries of nihilism . Timberlake is horribly miscast ; in fact , casting"
1,It is nice to see them struggle and training ! I was surprised how funny this movie was ! From start till the end you will laugh your pants off ! The
0,"Well , Jesus of Montreal is basically an intelligent movie . The actors are indeed good and the technical side of the movie is okay . But , although I was very"
1,"Ghost Story is full of brilliant lightning and dark atmosphere , which is lightened by the strong presence of the beautiful and good willing ghost . The effects are simply breath taking"
0,But perhaps fate has something nasty in store for her too ... < br / > < br / > The Zombie Chronicles is absolutely one of the worst films I have
0,"I think the Chinese actresses are lovely , but I could not say they were good actors in this film . Yes , the cinematography is great , but really , I"
0,"This movie has about as much entertainment value as getting a root canal . It approaches the abyssmal depths of bad movie making , and then gets even worse . I wo"
1,"Veteran cameraman Robert Surtees provides a nice burnish to the cinematography though a level of graininess persists in the print . A big seller in its day , the soundtrack is a"
0,This was a great book and the possibilities for a truly great film were definitely there . But the casting decisions completely wrecked the movie . Hanks is a great actor to
1,"Fortunately , for most of us , our Thorazine kicks-in before we actually decide that it 's a bad idea to be driving a car . Not so for the makers of"
0,"The coffee slogan is a lousy thing to hang the plot upon , and the ending is thoroughly predictable . Frank Capra does this sort of thing much better. < br /"
1,"As a huge fan , I sort of know what the real Lennon and McCartney are like . The script was brilliant and Harris got Lennon 's accent , personality and mannerisms"
0,"The film seems to struggle with any horror factor , and a lot of the events that happen are simply silly rather than particularly frightening , and it is difficult to believe"
0,That probably would have been best. < br / > < br / > I noticed the presence of Lindsay Crouse and Jay Thomas - both very good performers - and thought
1,"I loved the the film . it beautifully analyzes Italian petty bourgeois society , how the leftists of the 70s have given up all their ideals and come to a happy arrangement"
0,( When will I ever learn- ? ) The ecstatic reviewer on NPR made me think this turkey was another Citizen Kane . Please allow me to vent my spleen ... <
1,"This movie is funny and suitable for any age . It is definitely family-type entertainment . The cast does a fine job playing folks in the mid-western town of Big Bean ,"
0,"More to the point , it 's not very thrilling and it certainly is n't scary . Phillips is a hard sell as a tough-as-nails , cynical cop stereotype , and Griffith"
0,"The best acting is done by Raymond Massey as Dr. Ingersoll , a good doctor turned evil . He is head of a spy ring attempting to get information from amnesiac Jane"
1,"This is a fantastic series first and foremost . It is very well done and very interesting . As a huge WWII buff , I had learned a lot before seeing this"
1,"Critics called COLOR PURPLE his entrance into intellectual fare . It is quite an entrance . No special effects , no swashbuckling , just brilliant story-telling based on a literary classic by"
0,Another stupid dinosaur movie in which top secret military guys discover those lethal ( and very fake-looking ) prehistoric monsters running around killing people in gory ways . The original was bad
1,"It did'nt follow formula , and among a 18-25 year old target American audience , that 's unforgivable as it was was'nt what they expected to see. < br / > <"
0,"I think that the music is better in cruel intentions 1 and the music is better in cruel intentions 3 . It is not the worst movie I saw , but in"
0,They described `` blindingly choreographed intrigue and violence . '' I saw no `` intrigue . '' I instead saw a miserable attempt at dialogue in a supposed kung fu movie .
1,"An awful , massive factory filled with human automata who live in hopelessly lifeless dormitories . Individuals dying early while rummaging for recyclable scraps in mountains of our E-waste . The birthing"
0,"I could probably crap out alphabet soup , rearrange what was left of the letters , and still have a better script . Two scenes in particular come to mind when I"
1,The only thing that prevents this from being a really great movie is Burke -- she 's not a very good actress ( it 's no surprise that this has been her
1,The wife later rebels against the blackmail scheme but is killed in a fit of rage .... < br / > < br / > A very satisfying episode in many respects
0,"This is one of the worst movies I 've seen in a long time . The story was boring , the dialogue was atrocious and the acting hammy . I 'm not"
1,"This movie contains personalities that so deliciously are playing their parts , I love the final , when nobody knows what are they gon na do about their life , but it"
0,"So for Matt Dillon fans this is watchable movie , just like for admirers of beautiful Diane Lane . Legendary Tommy Lee Jones is always great but this is not movie for"
0,Salman Khan remains as immature as 10 years ago compared to Aamir Khan . There were many songs in the movie all boring except `` Man Ko Ati '' . The Most
0,But I expect to be entertained. < br / > < br / > Add the fact that the cinematography and sound quality are comparable to your neighbor 's bad home movies
1,It 's not a movie to watch when you just want to kick back and relax and watch something cute that 'll make you laugh . But it is a good movie
1,"The story is told in a subtle but concise way , never being self-indulgent , flashy or over-expositional . The obviously tight budget may have contributed to the no-nonsense approach , but"
0,"Julia Stiles is a talented young actress , who with guidance from a reputable agent has a lot of potential . Obviously , the person who guided her into this travesty is"
1,"It 's beautifully shot and directed , and the casting is excellent . Paget Brewster delivers a very believable and likable performance . She has a quality about her , a charisma"
0,"While this might be a compliment in some situations , it 's certainly not here . Their constantly harassing the women on the show is funny at first . But since that"
0,But it never came. < br / > < br / > Furthermore the movie was plagued with poor filming of poor special effects . Thus showing to much of a bad
0,"Overall , I give this a 2 , because at least Disney made a film from an under-appreciated book series . But , I wish they did better . Either way ,"
0,"< br / > < br / > In other words : be afraid ! Be very afraid ! < br / > < br / > Of course , it would"
1,"So who delivered the laughs for me ? Without a doubt Mischa Auer delivered me some terrific gut busting laughs , he even steals the ending , it was great ! Speaking"
1,"Sheets earns bonus points for keeping the tone grim and nasty to the literal bitter end ( for example , almost all of the main characters wind up becoming zombie chow )"
1,"While the handsome Joe Buck ( Voight ) dreams of all the beautiful women of the world begging him to share a wild love fantasy , the poor Ratso Rizzo ( Hoffman"
